class_id,dir
0,1_5_train.png
0,1_3_train.png
1,2_3_train.png
1,2_1_train.png
2,3_1_train.png
2,3_5_train.png
3,4_5_train.png
3,4_1_train.png
4,5_1_train.png
4,5_3_train.png
5,6_5_train.png
5,6_3_train.png
6,7_3_train.png
6,7_5_train.png
7,8_5_train.png
7,8_3_train.png
8,9_5_train.png
8,9_1_train.png
9,10_3_train.png
9,10_5_train.png
10,11_3_train.png
10,11_1_train.png
11,12_5_train.png
11,12_3_train.png
12,13_3_train.png
12,13_1_train.png
13,14_1_train.png
13,14_3_train.png
14,15_1_train.png
14,15_3_train.png
15,16_5_train.png
15,16_3_train.png
16,17_5_train.png
16,17_3_train.png
17,18_3_train.png
17,18_1_train.png
18,19_1_train.png
18,19_5_train.png
19,20_5_train.png
19,20_1_train.png
20,21_5_train.png
20,21_3_train.png
21,22_5_train.png
21,22_3_train.png
22,23_3_train.png
22,23_1_train.png
23,24_5_train.png
23,24_1_train.png
24,25_5_train.png
24,25_1_train.png
25,26_3_train.png
25,26_5_train.png
26,27_1_train.png
26,27_3_train.png
27,28_1_train.png
27,28_3_train.png
28,29_3_train.png
28,29_5_train.png
29,30_3_train.png
29,30_1_train.png
30,31_1_train.png
30,31_3_train.png
31,32_1_train.png
31,32_3_train.png
32,33_5_train.png
32,33_1_train.png
33,34_1_train.png
33,34_3_train.png
34,35_1_train.png
34,35_5_train.png
35,36_3_train.png
35,36_1_train.png
36,37_3_train.png
36,37_5_train.png
37,38_3_train.png
37,38_1_train.png
38,39_3_train.png
38,39_5_train.png
39,40_1_train.png
39,40_3_train.png
40,41_1_train.png
40,41_5_train.png
41,42_3_train.png
41,42_1_train.png
42,43_3_train.png
42,43_1_train.png
43,44_3_train.png
43,44_5_train.png
44,45_1_train.png
44,45_5_train.png
45,46_3_train.png
45,46_5_train.png
46,47_5_train.png
46,47_1_train.png
47,48_3_train.png
47,48_5_train.png
48,49_5_train.png
48,49_3_train.png
49,50_1_train.png
49,50_5_train.png
50,51_1_train.png
50,51_5_train.png
51,52_5_train.png
51,52_1_train.png
52,53_3_train.png
52,53_5_train.png
53,54_1_train.png
53,54_3_train.png
54,55_5_train.png
54,55_1_train.png
55,56_5_train.png
55,56_3_train.png
56,57_3_train.png
56,57_5_train.png
57,58_5_train.png
57,58_3_train.png
58,59_3_train.png
58,59_1_train.png
59,60_3_train.png
59,60_1_train.png
60,61_1_train.png
60,61_3_train.png
61,62_1_train.png
61,62_3_train.png
62,63_5_train.png
62,63_1_train.png
63,64_1_train.png
63,64_5_train.png
64,65_3_train.png
64,65_5_train.png
65,66_3_train.png
65,66_1_train.png
66,67_3_train.png
66,67_5_train.png
67,68_5_train.png
67,68_1_train.png
68,69_3_train.png
68,69_1_train.png
69,70_1_train.png
69,70_3_train.png
70,71_3_train.png
70,71_5_train.png
71,72_5_train.png
71,72_1_train.png
72,73_3_train.png
72,73_1_train.png
73,74_5_train.png
73,74_3_train.png
74,75_3_train.png
74,75_5_train.png
75,76_3_train.png
75,76_1_train.png
76,77_1_train.png
76,77_3_train.png
77,78_1_train.png
77,78_3_train.png
78,79_1_train.png
78,79_5_train.png
79,80_5_train.png
79,80_3_train.png
80,81_5_train.png
80,81_3_train.png
81,82_5_train.png
81,82_3_train.png
82,83_3_train.png
82,83_5_train.png
83,84_5_train.png
83,84_1_train.png
84,85_3_train.png
84,85_1_train.png
85,86_1_train.png
85,86_5_train.png
86,87_3_train.png
86,87_5_train.png
87,88_3_train.png
87,88_5_train.png
88,89_5_train.png
88,89_1_train.png
89,90_1_train.png
89,90_3_train.png
90,91_5_train.png
90,91_1_train.png
91,92_5_train.png
91,92_3_train.png
92,93_3_train.png
92,93_5_train.png
93,94_3_train.png
93,94_5_train.png
94,95_5_train.png
94,95_3_train.png
95,96_1_train.png
95,96_3_train.png
96,97_1_train.png
96,97_3_train.png
97,98_1_train.png
97,98_3_train.png
98,99_5_train.png
98,99_3_train.png
99,100_1_train.png
99,100_5_train.png
100,101_3_train.png
100,101_5_train.png
101,102_3_train.png
101,102_5_train.png
102,103_1_train.png
102,103_5_train.png
103,104_5_train.png
103,104_3_train.png
104,105_5_train.png
104,105_1_train.png
105,106_3_train.png
105,106_5_train.png
106,107_1_train.png
106,107_3_train.png
107,108_3_train.png
107,108_5_train.png
108,109_1_train.png
108,109_5_train.png
109,110_1_train.png
109,110_5_train.png
110,111_3_train.png
110,111_1_train.png
111,112_3_train.png
111,112_5_train.png
112,113_3_train.png
112,113_5_train.png
113,114_1_train.png
113,114_3_train.png
114,115_5_train.png
114,115_1_train.png
115,116_3_train.png
115,116_1_train.png
116,117_3_train.png
116,117_5_train.png
117,118_3_train.png
117,118_5_train.png
118,119_1_train.png
118,119_3_train.png
119,120_1_train.png
119,120_3_train.png
120,121_3_train.png
120,121_1_train.png
121,122_5_train.png
121,122_3_train.png
122,123_1_train.png
122,123_5_train.png
123,124_3_train.png
123,124_5_train.png
124,125_1_train.png
124,125_3_train.png
125,126_1_train.png
125,126_5_train.png
126,127_3_train.png
126,127_1_train.png
127,128_3_train.png
127,128_1_train.png
128,129_5_train.png
128,129_1_train.png
129,130_1_train.png
129,130_3_train.png
130,131_3_train.png
130,131_1_train.png
131,132_3_train.png
131,132_5_train.png
132,133_1_train.png
132,133_3_train.png
133,134_5_train.png
133,134_1_train.png
134,135_1_train.png
134,135_5_train.png
135,136_1_train.png
135,136_3_train.png
136,137_1_train.png
136,137_5_train.png
137,138_1_train.png
137,138_3_train.png
138,139_5_train.png
138,139_1_train.png
139,140_1_train.png
139,140_3_train.png
140,141_1_train.png
140,141_3_train.png
141,142_1_train.png
141,142_5_train.png
142,143_5_train.png
142,143_1_train.png
143,144_1_train.png
143,144_3_train.png
144,145_5_train.png
144,145_1_train.png
145,146_1_train.png
145,146_5_train.png
146,147_5_train.png
146,147_1_train.png
147,148_5_train.png
147,148_1_train.png
148,149_5_train.png
148,149_3_train.png
149,150_3_train.png
149,150_5_train.png
150,151_1_train.png
150,151_3_train.png
151,152_3_train.png
151,152_1_train.png
152,153_3_train.png
152,153_1_train.png
153,154_5_train.png
153,154_1_train.png
154,155_3_train.png
154,155_1_train.png
155,156_5_train.png
155,156_1_train.png
156,157_5_train.png
156,157_1_train.png
157,158_5_train.png
157,158_1_train.png
158,159_1_train.png
158,159_5_train.png
159,160_3_train.png
159,160_1_train.png
160,161_1_train.png
160,161_5_train.png
161,162_3_train.png
161,162_5_train.png
162,163_5_train.png
162,163_1_train.png
163,164_1_train.png
163,164_5_train.png
164,165_3_train.png
164,165_5_train.png
165,166_1_train.png
165,166_5_train.png
166,167_3_train.png
166,167_1_train.png
167,168_1_train.png
167,168_5_train.png
168,169_3_train.png
168,169_5_train.png
169,170_3_train.png
169,170_1_train.png
170,171_3_train.png
170,171_1_train.png
171,172_3_train.png
171,172_1_train.png
172,173_1_train.png
172,173_5_train.png
173,174_1_train.png
173,174_3_train.png
174,175_5_train.png
174,175_3_train.png
175,176_1_train.png
175,176_5_train.png
176,177_5_train.png
176,177_1_train.png
177,178_1_train.png
177,178_5_train.png
178,179_3_train.png
178,179_5_train.png
179,180_5_train.png
179,180_3_train.png
180,181_1_train.png
180,181_3_train.png
181,182_1_train.png
181,182_5_train.png
182,183_1_train.png
182,183_5_train.png
183,184_1_train.png
183,184_5_train.png
184,185_5_train.png
184,185_3_train.png
185,186_5_train.png
185,186_1_train.png
186,187_5_train.png
186,187_1_train.png
187,188_3_train.png
187,188_1_train.png
188,189_3_train.png
188,189_1_train.png
189,190_5_train.png
189,190_3_train.png
190,191_3_train.png
190,191_5_train.png
191,192_5_train.png
191,192_3_train.png
192,193_3_train.png
192,193_5_train.png
193,194_5_train.png
193,194_3_train.png
194,195_3_train.png
194,195_5_train.png
195,196_3_train.png
195,196_5_train.png
196,197_1_train.png
196,197_5_train.png
197,198_1_train.png
197,198_5_train.png
198,199_3_train.png
198,199_1_train.png
199,200_1_train.png
199,200_3_train.png
